ID,Minimum Temperature degrees (F)
0.0,53.1884800547524
1.0,48.21511029494757
2.0,51.770646500895396
3.0,68.82375850574581
4.0,62.42064734200233
5.0,52.32396380370363
6.0,73.29020208033538
7.0,70.4069297903502
8.0,51.39241569872615
9.0,65.01846498006526
10.0,65.89760674340042
